[
  {
    "id": "c1dee0e2-111f-42b0-9564-343a8040f150",
    "data": [
      {
        "text": "quero ",
        "userDefined": false
      },
      {
        "text": "adicionar um evento",
        "meta": "@sys.ignore",
        "userDefined": false
      }
    ],
    "isTemplate": false,
    "count": 0,
    "lang": "pt-br",
    "updated": 0
  },
  {
    "id": "0e84fbaa-9369-46d0-a45d-3afa9d9b00a6",
    "data": [
      {
        "text": "quero adicionar uma tarefa",
        "meta": "@sys.ignore",
        "userDefined": false
      }
    ],
    "isTemplate": false,
    "count": 0,
    "lang": "pt-br",
    "updated": 0
  },
  {
    "id": "313630c3-5742-4f9c-b44b-8c1be30f2ceb",
    "data": [
      {
        "text": "jantar entre amigos",
        "meta": "@NomeAtividade",
        "alias": "NomeAtividade",
        "userDefined": false
      },
      {
        "text": " ",
        "userDefined": false
      },
      {
        "text": "dia 21 de janeiro",
        "meta": "@sys.date-time",
        "alias": "date-time",
        "userDefined": false
      },
      {
        "text": " as ",
        "userDefined": false
      },
      {
        "text": "22h",
        "meta": "@sys.time",
        "alias": "time",
        "userDefined": false
      }
    ],
    "isTemplate": false,
    "count": 0,
    "lang": "pt-br",
    "updated": 0
  },
  {
    "id": "edc35526-172a-43e1-b025-8775d9bb483a",
    "data": [
      {
        "text": "add evento",
        "meta": "@sys.ignore",
        "userDefined": false
      }
    ],
    "isTemplate": false,
    "count": 0,
    "lang": "pt-br",
    "updated": 0
  },
  {
    "id": "b29ae075-bc56-4312-9cca-25b5f5373c72",
    "data": [
      {
        "text": "adicionar um evento",
        "meta": "@sys.ignore",
        "userDefined": false
      }
    ],
    "isTemplate": false,
    "count": 0,
    "lang": "pt-br",
    "updated": 0
  },
  {
    "id": "eeda859f-7adc-4192-bc11-c1cb3fc9af5e",
    "data": [
      {
        "text": "adicionar",
        "userDefined": false
      }
    ],
    "isTemplate": false,
    "count": 0,
    "lang": "pt-br",
    "updated": 0
  }
]