[
  {
    "id": "3d9b9cef-7d6a-4882-8580-f2b07e092847",
    "data": [
      {
        "text": "poderia",
        "meta": "@MostrarListaDeAtividades",
        "alias": "mostrarlistadeatividades",
        "userDefined": false
      },
      {
        "text": " me dizer quais ",
        "userDefined": false
      },
      {
        "text": "são",
        "meta": "@sys.ignore",
        "userDefined": false
      },
      {
        "text": " as minhas atividades?",
        "userDefined": false
      }
    ],
    "isTemplate": false,
    "count": 0,
    "lang": "pt-br",
    "updated": 0
  },
  {
    "id": "0d61debd-82f7-47b7-93f5-31e3a402115a",
    "data": [
      {
        "text": "quero ver",
        "meta": "@MostrarListaDeAtividades",
        "alias": "mostrarlistadeatividades",
        "userDefined": true
      },
      {
        "text": " o que eu tenho na lista de atividades",
        "userDefined": false
      }
    ],
    "isTemplate": false,
    "count": 0,
    "lang": "pt-br",
    "updated": 0
  },
  {
    "id": "1937cf0c-2efb-4d32-8619-c9ab7ad08bfd",
    "data": [
      {
        "text": "me mostre",
        "meta": "@MostrarListaDeAtividades",
        "alias": "mostrarlistadeatividades",
        "userDefined": false
      },
      {
        "text": " ",
        "userDefined": false
      },
      {
        "text": "lista",
        "meta": "@sys.ignore",
        "userDefined": false
      },
      {
        "text": " de atividades",
        "userDefined": false
      }
    ],
    "isTemplate": false,
    "count": 0,
    "lang": "pt-br",
    "updated": 0
  }
]