[
  {
    "id": "fd032e9c-287b-4b48-9cff-8c384e0b9057",
    "data": [
      {
        "text": "excluir",
        "meta": "@sys.ignore",
        "userDefined": true
      },
      {
        "text": " ",
        "userDefined": false
      },
      {
        "text": "academia",
        "meta": "@NomeAtividade",
        "alias": "NomeAtividade",
        "userDefined": true
      }
    ],
    "isTemplate": false,
    "count": 0,
    "lang": "pt-br",
    "updated": 0
  },
  {
    "id": "bdf7bfb4-d579-4886-a957-ee6056ad723c",
    "data": [
      {
        "text": "remover",
        "meta": "@sys.ignore",
        "userDefined": true
      },
      {
        "text": " ",
        "userDefined": false
      },
      {
        "text": "reunião",
        "meta": "@NomeAtividade",
        "alias": "NomeAtividade",
        "userDefined": true
      }
    ],
    "isTemplate": false,
    "count": 0,
    "lang": "pt-br",
    "updated": 0
  },
  {
    "id": "53d7aeed-e7a0-4756-9ab7-9a91c1871492",
    "data": [
      {
        "text": "deletar",
        "meta": "@sys.ignore",
        "userDefined": true
      },
      {
        "text": " ",
        "userDefined": false
      },
      {
        "text": "churrasco em família",
        "meta": "@NomeAtividade",
        "alias": "NomeAtividade",
        "userDefined": true
      }
    ],
    "isTemplate": false,
    "count": 0,
    "lang": "pt-br",
    "updated": 0
  }
]