[
  {
    "id": "9ddd8fe2-b071-4c99-b8ec-789c075626b6",
    "data": [
      {
        "text": "quero acessar minha lista de atividades",
        "userDefined": false
      }
    ],
    "isTemplate": false,
    "count": 0,
    "lang": "pt-br",
    "updated": 0
  },
  {
    "id": "be1e442a-8a8e-4a52-994e-6d21cd7219b8",
    "data": [
      {
        "text": "quero entrar em minha ",
        "userDefined": false
      },
      {
        "text": "lista",
        "meta": "@sys.ignore",
        "userDefined": false
      },
      {
        "text": " de atividades",
        "userDefined": false
      }
    ],
    "isTemplate": false,
    "count": 0,
    "lang": "pt-br",
    "updated": 0
  }
]