[
  {
    "id": "19a4114e-4c2b-44cc-9be5-e92b7ed0d743",
    "data": [
      {
        "text": "remove",
        "meta": "@sys.ignore",
        "userDefined": false
      },
      {
        "text": " o ",
        "userDefined": false
      },
      {
        "text": "tomate",
        "meta": "@Produto",
        "alias": "Produto",
        "userDefined": true
      }
    ],
    "isTemplate": false,
    "count": 1,
    "lang": "pt-br",
    "updated": 0
  },
  {
    "id": "4db8d1a1-d813-4af7-a073-b0be5444aeb8",
    "data": [
      {
        "text": "exclui",
        "meta": "@sys.ignore",
        "userDefined": true
      },
      {
        "text": " a ",
        "userDefined": false
      },
      {
        "text": "couve",
        "meta": "@Produto",
        "alias": "Produto",
        "userDefined": true
      }
    ],
    "isTemplate": false,
    "count": 0,
    "lang": "pt-br",
    "updated": 0
  },
  {
    "id": "8c293dd4-b23b-4073-b4bc-3edb81cdaf42",
    "data": [
      {
        "text": "tira",
        "meta": "@sys.ignore",
        "userDefined": true
      },
      {
        "text": " a ",
        "userDefined": false
      },
      {
        "text": "banana",
        "meta": "@Produto",
        "alias": "Produto",
        "userDefined": true
      }
    ],
    "isTemplate": false,
    "count": 0,
    "lang": "pt-br",
    "updated": 0
  },
  {
    "id": "200ba2f9-6c8b-43f1-b294-db0552e1b3da",
    "data": [
      {
        "text": "deleta",
        "meta": "@sys.ignore",
        "userDefined": true
      },
      {
        "text": " o ",
        "userDefined": false
      },
      {
        "text": "carvão",
        "meta": "@Produto",
        "alias": "Produto",
        "userDefined": true
      }
    ],
    "isTemplate": false,
    "count": 0,
    "lang": "pt-br",
    "updated": 0
  }
]