[
  {
    "id": "27e31082-38c4-4d32-b6ff-dd98fa50aef8",
    "data": [
      {
        "text": "meu nome é ",
        "userDefined": false
      },
      {
        "text": "gabriel",
        "meta": "@sys.person",
        "alias": "person",
        "userDefined": false
      },
      {
        "text": " e eu quero realizar agendamento",
        "userDefined": false
      }
    ],
    "isTemplate": false,
    "count": 0,
    "lang": "pt-br",
    "updated": 0
  },
  {
    "id": "8fcb7847-ab66-4142-980b-e01d6d3411f6",
    "data": [
      {
        "text": "agendamentos",
        "userDefined": false
      }
    ],
    "isTemplate": false,
    "count": 0,
    "lang": "pt-br",
    "updated": 0
  },
  {
    "id": "fb15167f-4e54-4a4e-ab5c-f29870cc819c",
    "data": [
      {
        "text": "quero agendar",
        "userDefined": false
      }
    ],
    "isTemplate": false,
    "count": 0,
    "lang": "pt-br",
    "updated": 0
  }
]