[
  {
    "id": "27667117-6fa9-477b-908c-520f3e7384a3",
    "data": [
      {
        "text": "meu nome ",
        "userDefined": false
      },
      {
        "text": "é gabriel",
        "meta": "@sys.person",
        "alias": "person",
        "userDefined": false
      },
      {
        "text": " e eu quero cancelar consulta",
        "userDefined": false
      }
    ],
    "isTemplate": false,
    "count": 0,
    "lang": "pt-br",
    "updated": 0
  },
  {
    "id": "f7981185-4006-4ad5-af1b-84988402384c",
    "data": [
      {
        "text": "cancelar",
        "userDefined": false
      }
    ],
    "isTemplate": false,
    "count": 0,
    "lang": "pt-br",
    "updated": 0
  },
  {
    "id": "60d45070-9e1a-4baa-a746-ca863f54c023",
    "data": [
      {
        "text": "quero cancelar consulta",
        "userDefined": false
      }
    ],
    "isTemplate": false,
    "count": 0,
    "lang": "pt-br",
    "updated": 0
  },
  {
    "id": "78d37cce-9f6c-434c-8cec-18525d93cd37",
    "data": [
      {
        "text": "desejo cancelar ",
        "userDefined": false
      },
      {
        "text": "uma",
        "meta": "@sys.ignore",
        "userDefined": false
      },
      {
        "text": " consulta",
        "userDefined": false
      }
    ],
    "isTemplate": false,
    "count": 0,
    "lang": "pt-br",
    "updated": 0
  }
]