[
  {
    "id": "76bdbbce-5eff-44c8-900c-04b4ca3f2d3a",
    "data": [
      {
        "text": "eu nome é ",
        "userDefined": false
      },
      {
        "text": "gabriel",
        "meta": "@sys.person",
        "alias": "person",
        "userDefined": false
      },
      {
        "text": " e eu quero ver a Disponibilidade na agenda,",
        "userDefined": false
      }
    ],
    "isTemplate": false,
    "count": 0,
    "lang": "pt-br",
    "updated": 0
  },
  {
    "id": "928b110f-7dca-4fe0-ac86-67f05ad30e44",
    "data": [
      {
        "text": "me mostre Disponibilidade na agenda",
        "userDefined": false
      }
    ],
    "isTemplate": false,
    "count": 0,
    "lang": "pt-br",
    "updated": 0
  },
  {
    "id": "8515fc87-f1f1-42b3-8bfa-cc4a53b4c7f8",
    "data": [
      {
        "text": "Ver Disponibilidade na agenda",
        "userDefined": false
      }
    ],
    "isTemplate": false,
    "count": 0,
    "lang": "pt-br",
    "updated": 0
  }
]