[
  {
    "id": "fe4b9e00-9768-48a9-8ab8-8bcaa032b1ab",
    "data": [
      {
        "text": "DPOC",
        "meta": "@DoencasComuns",
        "alias": "doencascomuns",
        "userDefined": false
      }
    ],
    "isTemplate": false,
    "count": 0,
    "lang": "pt-br",
    "updated": 0
  },
  {
    "id": "956bc162-5506-45c2-963a-99959ad9f2e5",
    "data": [
      {
        "text": "quais são as causas da ",
        "userDefined": false
      },
      {
        "text": "PDOC",
        "meta": "@DoencasComuns",
        "alias": "doencascomuns",
        "userDefined": false
      }
    ],
    "isTemplate": false,
    "count": 0,
    "lang": "pt-br",
    "updated": 0
  },
  {
    "id": "3ee8ebd5-1cb6-45b8-b592-7a43b1526608",
    "data": [
      {
        "text": "me ",
        "userDefined": false
      },
      {
        "text": "fale",
        "meta": "@sys.ignore",
        "userDefined": false
      },
      {
        "text": " sobre ",
        "userDefined": false
      },
      {
        "text": "Doença pulmonar obstrutiva crônica",
        "meta": "@DoencasComuns",
        "alias": "doencascomuns",
        "userDefined": true
      }
    ],
    "isTemplate": false,
    "count": 0,
    "lang": "pt-br",
    "updated": 0
  },
  {
    "id": "8c7b76c8-5a20-4917-9652-c1ffe09021af",
    "data": [
      {
        "text": "me ",
        "userDefined": false
      },
      {
        "text": "fale",
        "meta": "@sys.ignore",
        "userDefined": false
      },
      {
        "text": " sobre ",
        "userDefined": false
      },
      {
        "text": "PDOC",
        "meta": "@DoencasComuns",
        "alias": "doencascomuns",
        "userDefined": false
      }
    ],
    "isTemplate": false,
    "count": 0,
    "lang": "pt-br",
    "updated": 0
  },
  {
    "id": "174bfd34-5e99-4ef6-9f5e-aa41c9c88b52",
    "data": [
      {
        "text": "quero saber sobre ",
        "userDefined": false
      },
      {
        "text": "PDOC",
        "meta": "@DoencasComuns",
        "alias": "doencascomuns",
        "userDefined": false
      }
    ],
    "isTemplate": false,
    "count": 0,
    "lang": "pt-br",
    "updated": 0
  }
]