[
  {
    "id": "6f4c2657-666c-4f13-becd-fc344cbddecf",
    "data": [
      {
        "text": "tuberculose",
        "userDefined": false
      }
    ],
    "isTemplate": false,
    "count": 0,
    "lang": "pt-br",
    "updated": 0
  },
  {
    "id": "5bfa7221-cadc-4f58-8d95-3a26907e5eed",
    "data": [
      {
        "text": "tuberculose",
        "meta": "@DoencasComuns",
        "alias": "doencascomuns",
        "userDefined": false
      }
    ],
    "isTemplate": false,
    "count": 1,
    "lang": "pt-br",
    "updated": 0
  },
  {
    "id": "a59024a1-6e0c-4935-925a-4f57533c75a6",
    "data": [
      {
        "text": "me conta mais sobre a ",
        "userDefined": false
      },
      {
        "text": "tuberculose",
        "meta": "@DoencasComuns",
        "alias": "doencascomuns",
        "userDefined": false
      }
    ],
    "isTemplate": false,
    "count": 0,
    "lang": "pt-br",
    "updated": 0
  },
  {
    "id": "5bc7eee7-17c8-4ec0-94f9-4aea014ceabf",
    "data": [
      {
        "text": "me fala sobre a ",
        "userDefined": false
      },
      {
        "text": "tuberculose",
        "meta": "@DoencasComuns",
        "alias": "doencascomuns",
        "userDefined": false
      }
    ],
    "isTemplate": false,
    "count": 0,
    "lang": "pt-br",
    "updated": 0
  },
  {
    "id": "d142cc1f-06fb-404e-84f1-71c222d2f163",
    "data": [
      {
        "text": "quero saber sobre ",
        "userDefined": false
      },
      {
        "text": "tuberculose",
        "meta": "@DoencasComuns",
        "alias": "doencascomuns",
        "userDefined": false
      }
    ],
    "isTemplate": false,
    "count": 0,
    "lang": "pt-br",
    "updated": 0
  }
]