[
  {
    "id": "f178e55e-a285-4e63-9115-fc0c1516c3e1",
    "data": [
      {
        "text": "tudo ok",
        "userDefined": false
      }
    ],
    "isTemplate": false,
    "count": 0,
    "lang": "pt-br",
    "updated": 0
  },
  {
    "id": "f029bb2c-b1c2-4f01-bd89-8b4a5819cd12",
    "data": [
      {
        "text": "tudo tranquilo",
        "meta": "@sys.ignore",
        "userDefined": false
      }
    ],
    "isTemplate": false,
    "count": 0,
    "lang": "pt-br",
    "updated": 0
  },
  {
    "id": "e1dde34e-6724-45e6-83d6-492acb5e2269",
    "data": [
      {
        "text": "como vai",
        "userDefined": false
      }
    ],
    "isTemplate": false,
    "count": 0,
    "lang": "pt-br",
    "updated": 0
  },
  {
    "id": "b14a1e75-c9ca-4d9e-bb2e-cdccceafb71a",
    "data": [
      {
        "text": "como vai?",
        "userDefined": false
      }
    ],
    "isTemplate": false,
    "count": 0,
    "lang": "pt-br",
    "updated": 0
  },
  {
    "id": "6d827581-1a79-47dd-9ba2-944faf4a5d98",
    "data": [
      {
        "text": "tudo ",
        "userDefined": false
      },
      {
        "text": "bem",
        "meta": "@sys.ignore",
        "userDefined": false
      }
    ],
    "isTemplate": false,
    "count": 0,
    "lang": "pt-br",
    "updated": 0
  },
  {
    "id": "5862b76b-84c7-4fc5-8e24-5bf0b94c29fe",
    "data": [
      {
        "text": "tudo certo",
        "userDefined": false
      }
    ],
    "isTemplate": false,
    "count": 0,
    "lang": "pt-br",
    "updated": 0
  },
  {
    "id": "fc48078d-8c2f-41cf-a6a8-b367ace816ab",
    "data": [
      {
        "text": "tudo bom",
        "userDefined": false
      }
    ],
    "isTemplate": false,
    "count": 0,
    "lang": "pt-br",
    "updated": 0
  }
]