[
  {
    "id": "e3fb59a2-e5d3-4937-85db-91ac521db9fc",
    "data": [
      {
        "text": "bom dia",
        "userDefined": false
      }
    ],
    "isTemplate": false,
    "count": 1,
    "lang": "pt-br",
    "updated": 0
  },
  {
    "id": "b0a58c98-2d2c-430c-9cff-aa9b4336a629",
    "data": [
      {
        "text": "Boa ",
        "userDefined": false
      },
      {
        "text": "tarde",
        "meta": "@sys.date-time",
        "alias": "date-time",
        "userDefined": false
      }
    ],
    "isTemplate": false,
    "count": 1,
    "lang": "pt-br",
    "updated": 0
  },
  {
    "id": "ab0bc8a9-a675-40f4-b754-fc2b32a7080c",
    "data": [
      {
        "text": "boa noite",
        "meta": "@sys.music-artist",
        "alias": "music-artist",
        "userDefined": false
      }
    ],
    "isTemplate": false,
    "count": 1,
    "lang": "pt-br",
    "updated": 0
  },
  {
    "id": "19c72e59-0fe2-4648-89b5-04b19591c608",
    "data": [
      {
        "text": "fala",
        "meta": "@sys.language",
        "alias": "language",
        "userDefined": false
      }
    ],
    "isTemplate": false,
    "count": 0,
    "lang": "pt-br",
    "updated": 0
  },
  {
    "id": "4f3bde30-c7d9-424e-84e3-97f45b9509dd",
    "data": [
      {
        "text": "fala ",
        "userDefined": false
      },
      {
        "text": "ai",
        "meta": "@sys.person",
        "alias": "person",
        "userDefined": false
      }
    ],
    "isTemplate": false,
    "count": 0,
    "lang": "pt-br",
    "updated": 0
  },
  {
    "id": "a29f9f4d-8ddf-467c-828a-b381c2657782",
    "data": [
      {
        "text": "Oi",
        "meta": "@sys.ignore",
        "userDefined": false
      }
    ],
    "isTemplate": false,
    "count": 0,
    "lang": "pt-br",
    "updated": 0
  },
  {
    "id": "3b479255-9fd1-40b2-91f4-75ace410e48b",
    "data": [
      {
        "text": "ola",
        "meta": "@sys.person",
        "alias": "person",
        "userDefined": false
      }
    ],
    "isTemplate": false,
    "count": 0,
    "lang": "pt-br",
    "updated": 0
  },
  {
    "id": "7bf5db16-8d7d-40ee-99e1-d5327bd75563",
    "data": [
      {
        "text": "Olá",
        "meta": "@sys.person",
        "alias": "person",
        "userDefined": false
      }
    ],
    "isTemplate": false,
    "count": 1,
    "lang": "pt-br",
    "updated": 0
  }
]