[
  {
    "id": "5f5fa883-deec-47e8-8350-19aa5170d4af",
    "data": [
      {
        "text": "voces trabalham com",
        "meta": "@sys.ignore",
        "userDefined": false
      },
      {
        "text": " ",
        "userDefined": false
      },
      {
        "text": "entregas",
        "meta": "@sys.ignore",
        "userDefined": false
      },
      {
        "text": "?",
        "userDefined": false
      }
    ],
    "isTemplate": false,
    "count": 0,
    "lang": "pt-br",
    "updated": 0
  },
  {
    "id": "8b7d0454-112c-42ab-9f52-9436e9ba26cc",
    "data": [
      {
        "text": "voces fazem ",
        "userDefined": false
      },
      {
        "text": "entregas",
        "meta": "@sys.ignore",
        "userDefined": false
      },
      {
        "text": "?",
        "userDefined": false
      }
    ],
    "isTemplate": false,
    "count": 0,
    "lang": "pt-br",
    "updated": 0
  },
  {
    "id": "53f8e463-2b8f-4920-a017-43e191f36958",
    "data": [
      {
        "text": "vcs ",
        "userDefined": false
      },
      {
        "text": "entregam",
        "meta": "@sys.ignore",
        "userDefined": false
      },
      {
        "text": "?",
        "userDefined": false
      }
    ],
    "isTemplate": false,
    "count": 0,
    "lang": "pt-br",
    "updated": 0
  }
]