[
  {
    "id": "f2a2ac19-a3c7-4972-9348-b3cdec9f65f1",
    "data": [
      {
        "text": "entreguem na ",
        "userDefined": false
      },
      {
        "text": "minha casa",
        "meta": "@sys.ignore",
        "userDefined": false
      }
    ],
    "isTemplate": false,
    "count": 0,
    "lang": "pt-br",
    "updated": 0
  },
  {
    "id": "a89ce55c-2742-447f-a51c-2d488cf2c13c",
    "data": [
      {
        "text": "entreguem no meu endereço",
        "userDefined": false
      }
    ],
    "isTemplate": false,
    "count": 0,
    "lang": "pt-br",
    "updated": 0
  },
  {
    "id": "653a4fed-15fb-4a29-8cd9-25add9283f19",
    "data": [
      {
        "text": "entreguem",
        "userDefined": false
      }
    ],
    "isTemplate": false,
    "count": 0,
    "lang": "pt-br",
    "updated": 0
  },
  {
    "id": "91830cbf-2deb-4481-bfca-58d205437c5c",
    "data": [
      {
        "text": "receber em casa",
        "userDefined": false
      }
    ],
    "isTemplate": false,
    "count": 0,
    "lang": "pt-br",
    "updated": 0
  },
  {
    "id": "bd8700b2-e855-4c8e-8033-2dd5b0f76baa",
    "data": [
      {
        "text": "me ",
        "userDefined": false
      },
      {
        "text": "entregue",
        "meta": "@sys.ignore",
        "userDefined": false
      }
    ],
    "isTemplate": false,
    "count": 0,
    "lang": "pt-br",
    "updated": 0
  },
  {
    "id": "6f6eb4e3-e02c-4b34-a0a7-301f05f0a7d0",
    "data": [
      {
        "text": "na minha residencia",
        "userDefined": false
      }
    ],
    "isTemplate": false,
    "count": 0,
    "lang": "pt-br",
    "updated": 0
  },
  {
    "id": "fce52939-f226-4f4b-a8f6-6654304b73cd",
    "data": [
      {
        "text": "na minha casa",
        "meta": "@sys.ignore",
        "userDefined": false
      }
    ],
    "isTemplate": false,
    "count": 0,
    "lang": "pt-br",
    "updated": 0
  },
  {
    "id": "73c90f8d-68c8-4ee6-8f42-332e5e2e5b94",
    "data": [
      {
        "text": "no meu endereço",
        "userDefined": false
      }
    ],
    "isTemplate": false,
    "count": 0,
    "lang": "pt-br",
    "updated": 0
  }
]