[
  {
    "id": "9957b0d1-1164-4370-a063-444c47bde1ee",
    "data": [
      {
        "text": "quero agendar ",
        "userDefined": false
      },
      {
        "text": "uma",
        "meta": "@sys.ignore",
        "userDefined": false
      },
      {
        "text": " consulta",
        "userDefined": false
      }
    ],
    "isTemplate": false,
    "count": 0,
    "lang": "pt-br",
    "updated": 0
  },
  {
    "id": "77dc3946-fb46-4886-b9fe-c4e56f5c6fbc",
    "data": [
      {
        "text": "agendamento de consultas",
        "userDefined": false
      }
    ],
    "isTemplate": false,
    "count": 0,
    "lang": "pt-br",
    "updated": 0
  },
  {
    "id": "05db0b44-f793-491d-8d73-9e6f5deb1231",
    "data": [
      {
        "text": "agendar consulta",
        "userDefined": false
      }
    ],
    "isTemplate": false,
    "count": 0,
    "lang": "pt-br",
    "updated": 0
  },
  {
    "id": "a8941385-a964-4250-9494-8ec487e388ea",
    "data": [
      {
        "text": "agendar",
        "userDefined": false
      }
    ],
    "isTemplate": false,
    "count": 0,
    "lang": "pt-br",
    "updated": 0
  },
  {
    "id": "951b9505-d50b-4b7d-9113-f1368226ad70",
    "data": [
      {
        "text": "desejo agendar consulta",
        "userDefined": false
      }
    ],
    "isTemplate": false,
    "count": 0,
    "lang": "pt-br",
    "updated": 0
  },
  {
    "id": "22019fc5-3e37-4230-8fbf-6ff3fc1f89b4",
    "data": [
      {
        "text": "Desejo agendar ",
        "userDefined": false
      },
      {
        "text": "uma",
        "meta": "@sys.ignore",
        "userDefined": false
      },
      {
        "text": " consulta",
        "userDefined": false
      }
    ],
    "isTemplate": false,
    "count": 0,
    "lang": "pt-br",
    "updated": 0
  }
]