[
  {
    "id": "0eec3055-eeef-454f-bc52-0bd93eab2e42",
    "data": [
      {
        "text": "consultas agendadas",
        "userDefined": false
      }
    ],
    "isTemplate": false,
    "count": 0,
    "lang": "pt-br",
    "updated": 0
  },
  {
    "id": "6598e9f7-2f9f-44f4-8679-f7961f84f21f",
    "data": [
      {
        "text": "meu nome é ",
        "userDefined": false
      },
      {
        "text": "gabriel",
        "meta": "@sys.person",
        "alias": "person",
        "userDefined": false
      },
      {
        "text": " e eu quero ver consultas agendadas",
        "userDefined": false
      }
    ],
    "isTemplate": false,
    "count": 0,
    "lang": "pt-br",
    "updated": 0
  },
  {
    "id": "d5ad0647-b3d2-485b-a0c4-b64862e700f5",
    "data": [
      {
        "text": "mostre consultas agendadas",
        "userDefined": false
      }
    ],
    "isTemplate": false,
    "count": 0,
    "lang": "pt-br",
    "updated": 0
  },
  {
    "id": "292e677e-a177-45b6-803a-bd679c7b2938",
    "data": [
      {
        "text": "quero ver consultas agendadas",
        "userDefined": false
      }
    ],
    "isTemplate": false,
    "count": 0,
    "lang": "pt-br",
    "updated": 0
  },
  {
    "id": "c5b75663-c7d3-4165-8185-6905df8a40eb",
    "data": [
      {
        "text": "ver consultas agendadas",
        "userDefined": false
      }
    ],
    "isTemplate": false,
    "count": 0,
    "lang": "pt-br",
    "updated": 0
  }
]