[
  {
    "id": "1e5c072e-0fb8-44cc-8fa8-5e8c34566b50",
    "data": [
      {
        "text": "hipertensao",
        "meta": "@doencas",
        "alias": "doencas",
        "userDefined": false
      }
    ],
    "isTemplate": false,
    "count": 0,
    "lang": "pt-br",
    "updated": 0
  },
  {
    "id": "57d591c4-40c0-4512-8240-49993baba083",
    "data": [
      {
        "text": "hipertensão",
        "meta": "@doencas",
        "alias": "doencas",
        "userDefined": true
      }
    ],
    "isTemplate": false,
    "count": 0,
    "lang": "pt-br",
    "updated": 0
  },
  {
    "id": "ca9778cb-8ddc-4cc0-8189-d65197e4ebcc",
    "data": [
      {
        "text": "qual medico se consultar quando estamos ",
        "userDefined": false
      },
      {
        "text": "hipertenso",
        "meta": "@doencas",
        "alias": "doencas",
        "userDefined": true
      },
      {
        "text": "?",
        "userDefined": false
      }
    ],
    "isTemplate": false,
    "count": 0,
    "lang": "pt-br",
    "updated": 0
  },
  {
    "id": "80d6b1bd-8dda-4422-9889-649b54f832bf",
    "data": [
      {
        "text": "o que causa ",
        "userDefined": false
      },
      {
        "text": "hipertensão",
        "meta": "@doencas",
        "alias": "doencas",
        "userDefined": true
      }
    ],
    "isTemplate": false,
    "count": 0,
    "lang": "pt-br",
    "updated": 0
  },
  {
    "id": "3f06d444-0e50-4a3e-9902-c1203911f55c",
    "data": [
      {
        "text": "quero saber",
        "meta": "@sys.ignore",
        "userDefined": false
      },
      {
        "text": " sobre ",
        "userDefined": false
      },
      {
        "text": "hipertensão",
        "meta": "@doencas",
        "alias": "doencas",
        "userDefined": true
      }
    ],
    "isTemplate": false,
    "count": 0,
    "lang": "pt-br",
    "updated": 0
  },
  {
    "id": "485f0a23-a417-4496-9b05-a9f2bffd4a24",
    "data": [
      {
        "text": "me ",
        "userDefined": false
      },
      {
        "text": "fale",
        "meta": "@sys.ignore",
        "userDefined": false
      },
      {
        "text": " sobre ",
        "userDefined": false
      },
      {
        "text": "hipertensão",
        "meta": "@doencas",
        "alias": "doencas",
        "userDefined": true
      }
    ],
    "isTemplate": false,
    "count": 0,
    "lang": "pt-br",
    "updated": 0
  }
]