[
  {
    "value": "Adiciona evento",
    "synonyms": [
      "adicionar atividade",
      "add atividade"
    ]
  },
  {
    "value": "criar nova atividade na lista",
    "synonyms": [
      "criar nova atividade na lista",
      "criar atividade"
    ]
  },
  {
    "value": "adicionar lebrete",
    "synonyms": [
      "adicionar lebrete",
      "add lebrete"
    ]
  },
  {
    "value": "adicionar evento",
    "synonyms": [
      "adicionar evento",
      "add evento"
    ]
  },
  {
    "value": "adicionar tarefa",
    "synonyms": [
      "adicionar tarefa",
      "add tarefa"
    ]
  }
]