[
  {
    "value": "almoço",
    "synonyms": [
      "almoço"
    ]
  },
  {
    "value": "jantar",
    "synonyms": [
      "jantar"
    ]
  },
  {
    "value": "café da manha",
    "synonyms": [
      "café da manha"
    ]
  },
  {
    "value": "reunião",
    "synonyms": [
      "reunião"
    ]
  },
  {
    "value": "estudar",
    "synonyms": [
      "estudar"
    ]
  },
  {
    "value": "correr",
    "synonyms": [
      "correr"
    ]
  },
  {
    "value": "academia",
    "synonyms": [
      "academia"
    ]
  }
]