[
  {
    "id": "5a4a9ca6-2cd3-4bdb-90f4-dfbca8490709",
    "data": [
      {
        "text": "coloca no carrinho ",
        "userDefined": false
      },
      {
        "text": "cebola",
        "meta": "@Produto",
        "alias": "Produto",
        "userDefined": true
      }
    ],
    "isTemplate": false,
    "count": 0,
    "lang": "pt-br",
    "updated": 0
  },
  {
    "id": "7fff8bc3-fa3f-489f-bd6f-829ea73dc3dc",
    "data": [
      {
        "text": "coloca no meu carrinho ",
        "userDefined": false
      },
      {
        "text": "tomate",
        "meta": "@Produto",
        "alias": "Produto",
        "userDefined": true
      }
    ],
    "isTemplate": false,
    "count": 0,
    "lang": "pt-br",
    "updated": 0
  },
  {
    "id": "c768ae00-3a37-4c04-a387-6c1ec31a6e0b",
    "data": [
      {
        "text": "adiciona no meu carrinho ",
        "userDefined": false
      },
      {
        "text": "arroz",
        "meta": "@Produto",
        "alias": "Produto",
        "userDefined": true
      }
    ],
    "isTemplate": false,
    "count": 0,
    "lang": "pt-br",
    "updated": 0
  },
  {
    "id": "ed267f67-178f-4d4d-a2d2-131f10cd3ef6",
    "data": [
      {
        "text": " ",
        "userDefined": false
      },
      {
        "text": "vinagre",
        "meta": "@Produto",
        "alias": "Produto",
        "userDefined": true
      }
    ],
    "isTemplate": false,
    "count": 1,
    "lang": "pt-br",
    "updated": 0
  },
  {
    "id": "9c8fff78-fee5-4c2f-b736-5ed637651890",
    "data": [
      {
        "text": "feijão",
        "meta": "@Produto",
        "alias": "Produto",
        "userDefined": true
      }
    ],
    "isTemplate": false,
    "count": 0,
    "lang": "pt-br",
    "updated": 0
  },
  {
    "id": "c697288a-0f49-4c11-b8d5-564771fdd666",
    "data": [
      {
        "text": "batata",
        "meta": "@Produto",
        "alias": "Produto",
        "userDefined": true
      }
    ],
    "isTemplate": false,
    "count": 0,
    "lang": "pt-br",
    "updated": 0
  }
]