[
  {
    "id": "abc1f623-87c0-4764-a4cd-5b4f8d2aa752",
    "data": [
      {
        "text": "quero ver minha ",
        "userDefined": false
      },
      {
        "text": "agenda",
        "meta": "@ListaAtividades",
        "alias": "ListaAtividades",
        "userDefined": true
      }
    ],
    "isTemplate": false,
    "count": 0,
    "lang": "pt-br",
    "updated": 0
  },
  {
    "id": "ec48f1ef-7f84-416f-a5bb-a3955136c3e9",
    "data": [
      {
        "text": "quero ver minhas ",
        "userDefined": false
      },
      {
        "text": "atividades",
        "meta": "@ListaAtividades",
        "alias": "ListaAtividades",
        "userDefined": true
      }
    ],
    "isTemplate": false,
    "count": 0,
    "lang": "pt-br",
    "updated": 0
  },
  {
    "id": "bff15790-0d24-4f9a-8402-ce6db1fd0686",
    "data": [
      {
        "text": "lista de atividades",
        "meta": "@ListaAtividades",
        "alias": "ListaAtividades",
        "userDefined": true
      }
    ],
    "isTemplate": false,
    "count": 0,
    "lang": "pt-br",
    "updated": 0
  },
  {
    "id": "9ddd8fe2-b071-4c99-b8ec-789c075626b6",
    "data": [
      {
        "text": "quero acessar minha ",
        "userDefined": false
      },
      {
        "text": "lista de atividades",
        "meta": "@ListaAtividades",
        "alias": "ListaAtividades",
        "userDefined": true
      }
    ],
    "isTemplate": false,
    "count": 0,
    "lang": "pt-br",
    "updated": 0
  },
  {
    "id": "be1e442a-8a8e-4a52-994e-6d21cd7219b8",
    "data": [
      {
        "text": "quero entrar em minha ",
        "userDefined": false
      },
      {
        "text": "lista",
        "meta": "@sys.ignore",
        "userDefined": true
      },
      {
        "text": " de ",
        "userDefined": false
      },
      {
        "text": "atividades",
        "meta": "@ListaAtividades",
        "alias": "ListaAtividades",
        "userDefined": true
      }
    ],
    "isTemplate": false,
    "count": 0,
    "lang": "pt-br",
    "updated": 0
  }
]