[
  {
    "id": "2ca72d9c-c63a-4093-b03f-9f4c534dbe98",
    "data": [
      {
        "text": "correr no parque",
        "meta": "@AtividadeFazer",
        "alias": "AtividadeFazer",
        "userDefined": true
      }
    ],
    "isTemplate": false,
    "count": 0,
    "lang": "pt-br",
    "updated": 0
  },
  {
    "id": "4673de59-a5c0-4afa-af08-eb44d4f62d08",
    "data": [
      {
        "text": "andar de bicicleta",
        "meta": "@AtividadeFazer",
        "alias": "AtividadeFazer",
        "userDefined": true
      }
    ],
    "isTemplate": false,
    "count": 0,
    "lang": "pt-br",
    "updated": 0
  },
  {
    "id": "3ef7f003-1841-4d40-8512-3d7854271e6e",
    "data": [
      {
        "text": "adiciona na minha lista de atividades ",
        "userDefined": false
      },
      {
        "text": "ir ao cinema",
        "meta": "@AtividadeFazer",
        "alias": "AtividadeFazer",
        "userDefined": true
      }
    ],
    "isTemplate": false,
    "count": 0,
    "lang": "pt-br",
    "updated": 0
  },
  {
    "id": "e3178ead-2012-4731-994a-84932a086c11",
    "data": [
      {
        "text": "coloca na minha lista de atividades ",
        "userDefined": false
      },
      {
        "text": "jantar com os amigos",
        "meta": "@AtividadeFazer",
        "alias": "AtividadeFazer",
        "userDefined": true
      }
    ],
    "isTemplate": false,
    "count": 0,
    "lang": "pt-br",
    "updated": 0
  }
]