[
  {
    "id": "d353c6fe-54cd-449c-931e-1f13b1d4a6e8",
    "data": [
      {
        "text": "o que tem na minha ",
        "userDefined": false
      },
      {
        "text": "lista de compras",
        "meta": "@listaCompras",
        "alias": "listaCompras",
        "userDefined": true
      }
    ],
    "isTemplate": false,
    "count": 0,
    "lang": "pt-br",
    "updated": 0
  },
  {
    "id": "cace878e-159c-43c0-8077-747e9d81fd34",
    "data": [
      {
        "text": "o que tem no meu ",
        "userDefined": false
      },
      {
        "text": "carrinho",
        "meta": "@listaCompras",
        "alias": "listaCompras",
        "userDefined": true
      },
      {
        "text": "?",
        "userDefined": false
      }
    ],
    "isTemplate": false,
    "count": 0,
    "lang": "pt-br",
    "updated": 0
  },
  {
    "id": "d9a3083d-c7eb-4287-bb72-af9ec3ee28ce",
    "data": [
      {
        "text": "quero ver minha ",
        "userDefined": false
      },
      {
        "text": "lista de compras",
        "meta": "@listaCompras",
        "alias": "listaCompras",
        "userDefined": true
      }
    ],
    "isTemplate": false,
    "count": 0,
    "lang": "pt-br",
    "updated": 0
  },
  {
    "id": "274bfc5e-29bf-4883-a4fd-4f82109fb0e7",
    "data": [
      {
        "text": "Gostaria de ver meu ",
        "userDefined": false
      },
      {
        "text": "carrinho",
        "meta": "@listaCompras",
        "alias": "listaCompras",
        "userDefined": true
      }
    ],
    "isTemplate": false,
    "count": 0,
    "lang": "pt-br",
    "updated": 0
  }
]