[
  {
    "id": "1fdd8170-2de1-4a5b-824b-4945d0b3d350",
    "data": [
      {
        "text": "Gabriel",
        "meta": "@sys.person",
        "alias": "person",
        "userDefined": false
      },
      {
        "text": ", cpf ",
        "userDefined": false
      },
      {
        "text": "22233344455",
        "meta": "@sys.number",
        "alias": "number",
        "userDefined": true
      }
    ],
    "isTemplate": false,
    "count": 0,
    "lang": "pt-br",
    "updated": 0
  },
  {
    "id": "2eee930a-e4a5-4f8a-8ddc-7129bc046a5c",
    "data": [
      {
        "text": "meu nome é ",
        "userDefined": false
      },
      {
        "text": "fernando",
        "meta": "@sys.person",
        "alias": "person",
        "userDefined": true
      },
      {
        "text": " e meu CPF é ",
        "userDefined": false
      },
      {
        "text": "11122233345",
        "meta": "@sys.number",
        "alias": "number",
        "userDefined": true
      }
    ],
    "isTemplate": false,
    "count": 0,
    "lang": "pt-br",
    "updated": 0
  },
  {
    "id": "81bcab35-8ebc-4658-9746-2564932b569a",
    "data": [
      {
        "text": "meu nome é ",
        "userDefined": false
      },
      {
        "text": "Jeferson",
        "meta": "@sys.person",
        "alias": "person",
        "userDefined": false
      },
      {
        "text": " e meu cpf é ",
        "userDefined": false
      },
      {
        "text": "00011122234",
        "meta": "@sys.number",
        "alias": "number",
        "userDefined": false
      }
    ],
    "isTemplate": false,
    "count": 0,
    "lang": "pt-br",
    "updated": 0
  }
]