[
  {
    "id": "c8f23b92-72d5-4e08-beba-7ae1b64677d9",
    "data": [
      {
        "text": "1",
        "meta": "@Servicos",
        "alias": "servicos",
        "userDefined": true
      }
    ],
    "isTemplate": false,
    "count": 0,
    "lang": "pt-br",
    "updated": 0
  },
  {
    "id": "7e676562-7397-4f59-addd-33c3612710d4",
    "data": [
      {
        "text": "Policia",
        "meta": "@Servicos",
        "alias": "servicos",
        "userDefined": false
      }
    ],
    "isTemplate": false,
    "count": 0,
    "lang": "pt-br",
    "updated": 0
  },
  {
    "id": "f6561f89-03cc-4085-bd32-1d4ffdbd62fa",
    "data": [
      {
        "text": "1 - policia",
        "meta": "@Servicos",
        "alias": "servicos",
        "userDefined": true
      }
    ],
    "isTemplate": false,
    "count": 1,
    "lang": "pt-br",
    "updated": 0
  }
]