[
  {
    "id": "44521459-55a2-4cd0-8fc5-cb96ae15a086",
    "data": [
      {
        "text": "ajuda",
        "meta": "@sys.ignore",
        "userDefined": false
      }
    ],
    "isTemplate": false,
    "count": 0,
    "lang": "pt-br",
    "updated": 0
  },
  {
    "id": "41d4dc6d-d9d8-4993-bb4f-2bc63144a382",
    "data": [
      {
        "text": "me",
        "meta": "@sys.ignore",
        "userDefined": false
      },
      {
        "text": " ",
        "userDefined": false
      },
      {
        "text": "ajuda",
        "meta": "@sys.ignore",
        "userDefined": false
      }
    ],
    "isTemplate": false,
    "count": 0,
    "lang": "pt-br",
    "updated": 0
  },
  {
    "id": "b4e1de63-6f9c-48bb-b816-803b5ed47869",
    "data": [
      {
        "text": "preciso de ",
        "userDefined": false
      },
      {
        "text": "ajuda",
        "meta": "@sys.ignore",
        "userDefined": false
      }
    ],
    "isTemplate": false,
    "count": 0,
    "lang": "pt-br",
    "updated": 0
  },
  {
    "id": "7b584a9f-d19c-4825-bcd6-d6169044761a",
    "data": [
      {
        "text": "socorro",
        "meta": "@sys.ignore",
        "userDefined": false
      }
    ],
    "isTemplate": false,
    "count": 0,
    "lang": "pt-br",
    "updated": 0
  }
]