[
  {
    "id": "551cada9-84e8-4245-b874-7619c69d8f1d",
    "data": [
      {
        "text": "não possuo",
        "userDefined": false
      }
    ],
    "isTemplate": false,
    "count": 0,
    "lang": "pt-br",
    "updated": 0
  },
  {
    "id": "74ea41bb-9e00-4240-a34e-f2236a128d1f",
    "data": [
      {
        "text": "nao tenho",
        "userDefined": false
      }
    ],
    "isTemplate": false,
    "count": 0,
    "lang": "pt-br",
    "updated": 0
  },
  {
    "id": "c6fba0fc-6ac1-4533-b6f7-11e034ae5b44",
    "data": [
      {
        "text": "nao tenho cartao conveniado",
        "userDefined": false
      }
    ],
    "isTemplate": false,
    "count": 0,
    "lang": "pt-br",
    "updated": 0
  },
  {
    "id": "2d31ecdc-213d-4694-86af-181d02374300",
    "data": [
      {
        "text": "não tenho cartao conveniado",
        "userDefined": false
      }
    ],
    "isTemplate": false,
    "count": 0,
    "lang": "pt-br",
    "updated": 0
  },
  {
    "id": "5ac547b7-32a3-4c81-92ef-52df876fd2c1",
    "data": [
      {
        "text": "não tenho nenhum dos ",
        "userDefined": false
      },
      {
        "text": "dois",
        "meta": "@sys.ignore",
        "userDefined": false
      }
    ],
    "isTemplate": false,
    "count": 0,
    "lang": "pt-br",
    "updated": 0
  },
  {
    "id": "0c94c50a-5302-444f-8a1a-942b23910360",
    "data": [
      {
        "text": "não possuo cartao conveniado",
        "userDefined": false
      }
    ],
    "isTemplate": false,
    "count": 0,
    "lang": "pt-br",
    "updated": 0
  }
]