[
  {
    "id": "bb03662f-3381-41de-9907-bae1de5a0873",
    "data": [
      {
        "text": "tenho ",
        "userDefined": false
      },
      {
        "text": "um",
        "meta": "@sys.ignore",
        "userDefined": false
      },
      {
        "text": " dos cartões conveniados",
        "userDefined": false
      }
    ],
    "isTemplate": false,
    "count": 0,
    "lang": "pt-br",
    "updated": 0
  },
  {
    "id": "7093fad8-957a-4880-a4ad-adb20fb0516a",
    "data": [
      {
        "text": "tenho ",
        "userDefined": false
      },
      {
        "text": "um",
        "meta": "@sys.ignore",
        "userDefined": false
      },
      {
        "text": " dos cartoes conveniados",
        "userDefined": false
      }
    ],
    "isTemplate": false,
    "count": 0,
    "lang": "pt-br",
    "updated": 0
  },
  {
    "id": "68b467cf-809a-44aa-a560-d7f932d9ce4e",
    "data": [
      {
        "text": "tenho o cartão conveniado",
        "userDefined": false
      }
    ],
    "isTemplate": false,
    "count": 0,
    "lang": "pt-br",
    "updated": 0
  },
  {
    "id": "ff28d08b-8ad6-4acf-a1f9-4e6d4e57d18c",
    "data": [
      {
        "text": "tenho o cartao conveniado",
        "userDefined": false
      }
    ],
    "isTemplate": false,
    "count": 0,
    "lang": "pt-br",
    "updated": 0
  },
  {
    "id": "d3ae4acb-dbeb-476f-92b2-0f9b56861d0f",
    "data": [
      {
        "text": "tenho o cartao",
        "userDefined": false
      }
    ],
    "isTemplate": false,
    "count": 0,
    "lang": "pt-br",
    "updated": 0
  },
  {
    "id": "65d5b3ef-63a0-4ccb-a5f0-0b444f9bc644",
    "data": [
      {
        "text": "tenho o cartão",
        "userDefined": false
      }
    ],
    "isTemplate": false,
    "count": 0,
    "lang": "pt-br",
    "updated": 0
  }
]