[
  {
    "id": "0aa906af-a816-4882-b797-32489957d20e",
    "data": [
      {
        "text": "quais sao os cartoes conveniados",
        "userDefined": false
      }
    ],
    "isTemplate": false,
    "count": 0,
    "lang": "pt-br",
    "updated": 0
  },
  {
    "id": "7ede039c-e8a1-486d-878c-48ff57eed6a5",
    "data": [
      {
        "text": "como ver os cartoes conveniados",
        "userDefined": false
      }
    ],
    "isTemplate": false,
    "count": 0,
    "lang": "pt-br",
    "updated": 0
  },
  {
    "id": "3df48914-bc7b-43ac-b5e0-9efd1862d3bf",
    "data": [
      {
        "text": "como fazer isso",
        "userDefined": false
      }
    ],
    "isTemplate": false,
    "count": 0,
    "lang": "pt-br",
    "updated": 0
  },
  {
    "id": "51ecd439-9212-47c5-b426-ef13c318b069",
    "data": [
      {
        "text": "e como faço isso",
        "userDefined": false
      }
    ],
    "isTemplate": false,
    "count": 0,
    "lang": "pt-br",
    "updated": 0
  }
]