[
  {
    "id": "165cc27e-aaaa-4987-9ed8-fecf0bf620ac",
    "data": [
      {
        "text": "sintomas",
        "meta": "@sys.ignore",
        "userDefined": true
      }
    ],
    "isTemplate": false,
    "count": 0,
    "lang": "pt-br",
    "updated": 0
  },
  {
    "id": "9b5b5a02-2da5-471c-bc25-3785b0d003b9",
    "data": [
      {
        "text": "gostaria de saber os ",
        "userDefined": false
      },
      {
        "text": "sintomas",
        "meta": "@sys.ignore",
        "userDefined": true
      }
    ],
    "isTemplate": false,
    "count": 0,
    "lang": "pt-br",
    "updated": 0
  },
  {
    "id": "896455fb-181f-4092-bc37-299e7e6cbebf",
    "data": [
      {
        "text": "quais são os ",
        "userDefined": false
      },
      {
        "text": "sintomas",
        "meta": "@sys.ignore",
        "userDefined": true
      },
      {
        "text": "?",
        "userDefined": false
      }
    ],
    "isTemplate": false,
    "count": 0,
    "lang": "pt-br",
    "updated": 0
  }
]