[
  {
    "id": "f00ad533-ac7e-40df-aa30-d4638045a5ab",
    "data": [
      {
        "text": "renegociação de divida",
        "userDefined": false
      }
    ],
    "isTemplate": false,
    "count": 0,
    "lang": "pt-br",
    "updated": 0
  },
  {
    "id": "2641ad4c-bc96-4cd1-aec7-0c33201063b8",
    "data": [
      {
        "text": "renegociar a divida",
        "userDefined": false
      }
    ],
    "isTemplate": false,
    "count": 0,
    "lang": "pt-br",
    "updated": 0
  },
  {
    "id": "1a15c8ef-fd18-4022-8acc-7bec31c1ac80",
    "data": [
      {
        "text": "gostaria de renegociar",
        "userDefined": false
      }
    ],
    "isTemplate": false,
    "count": 0,
    "lang": "pt-br",
    "updated": 0
  },
  {
    "id": "5bb709ee-37a4-43a7-bba5-6b52664f449a",
    "data": [
      {
        "text": "quero renegociar",
        "userDefined": false
      }
    ],
    "isTemplate": false,
    "count": 0,
    "lang": "pt-br",
    "updated": 0
  }
]