[
  {
    "id": "610c8d75-eca9-4080-9f90-74f12339e14b",
    "data": [
      {
        "text": "me ligue, meu numero é ",
        "userDefined": false
      },
      {
        "text": "998751930",
        "meta": "@sys.phone-number",
        "alias": "phone-number",
        "userDefined": false
      }
    ],
    "isTemplate": false,
    "count": 0,
    "lang": "pt-br",
    "updated": 0
  },
  {
    "id": "c0976acd-9087-4f50-a5cd-af64c2ee26ee",
    "data": [
      {
        "text": "me",
        "meta": "@sys.ignore",
        "userDefined": false
      },
      {
        "text": " ligue",
        "userDefined": false
      }
    ],
    "isTemplate": false,
    "count": 0,
    "lang": "pt-br",
    "updated": 0
  },
  {
    "id": "cb3a569d-bbec-4954-bf31-c1cdd703c959",
    "data": [
      {
        "text": "ligação",
        "userDefined": false
      }
    ],
    "isTemplate": false,
    "count": 0,
    "lang": "pt-br",
    "updated": 0
  },
  {
    "id": "3ef4ead9-8922-4131-9931-dd8ffcbc8aea",
    "data": [
      {
        "text": "telefone",
        "userDefined": false
      }
    ],
    "isTemplate": false,
    "count": 0,
    "lang": "pt-br",
    "updated": 0
  },
  {
    "id": "17caf427-da79-4708-b523-be89193487c3",
    "data": [
      {
        "text": "pelo telefone",
        "userDefined": false
      }
    ],
    "isTemplate": false,
    "count": 0,
    "lang": "pt-br",
    "updated": 0
  },
  {
    "id": "4e5117e4-24ec-4537-bc04-51641dfd2b72",
    "data": [
      {
        "text": "via telefone",
        "userDefined": false
      }
    ],
    "isTemplate": false,
    "count": 0,
    "lang": "pt-br",
    "updated": 0
  }
]