[
  {
    "id": "dfe6ecf1-c91a-46c3-8af1-f923a7cb8933",
    "data": [
      {
        "text": "cura",
        "meta": "@sys.ignore",
        "userDefined": false
      },
      {
        "text": "?",
        "userDefined": false
      }
    ],
    "isTemplate": false,
    "count": 0,
    "lang": "pt-br",
    "updated": 0
  },
  {
    "id": "43b1a4d5-adf8-4a92-90f0-58987076927f",
    "data": [
      {
        "text": "vacina?",
        "userDefined": false
      }
    ],
    "isTemplate": false,
    "count": 0,
    "lang": "pt-br",
    "updated": 0
  },
  {
    "id": "788928e2-a88a-4065-ac28-357df7449d33",
    "data": [
      {
        "text": "tem vacina?",
        "userDefined": false
      }
    ],
    "isTemplate": false,
    "count": 0,
    "lang": "pt-br",
    "updated": 0
  },
  {
    "id": "6add89fd-4a9d-4ba4-a521-89f4ccb160b3",
    "data": [
      {
        "text": "inventam vacina?",
        "userDefined": false
      }
    ],
    "isTemplate": false,
    "count": 0,
    "lang": "pt-br",
    "updated": 0
  },
  {
    "id": "9c272375-83d3-4524-ac5b-4f9cee122036",
    "data": [
      {
        "text": "há",
        "meta": "@sys.ignore",
        "userDefined": false
      },
      {
        "text": " ",
        "userDefined": false
      },
      {
        "text": "uma",
        "meta": "@sys.ignore",
        "userDefined": false
      },
      {
        "text": " cura?",
        "userDefined": false
      }
    ],
    "isTemplate": false,
    "count": 0,
    "lang": "pt-br",
    "updated": 0
  },
  {
    "id": "7e054e54-e512-4a1c-ad0a-49a568737644",
    "data": [
      {
        "text": "existe cura?",
        "userDefined": false
      }
    ],
    "isTemplate": false,
    "count": 0,
    "lang": "pt-br",
    "updated": 0
  }
]