[
  {
    "id": "8dbbbf35-b104-4370-8ed3-5dec97ecafdf",
    "data": [
      {
        "text": "a doença é contagiosa?",
        "userDefined": false
      }
    ],
    "isTemplate": false,
    "count": 0,
    "lang": "pt-br",
    "updated": 0
  },
  {
    "id": "48b71999-7a8e-47ba-a0f0-50570d155fd1",
    "data": [
      {
        "text": "é contagioso?",
        "userDefined": false
      }
    ],
    "isTemplate": false,
    "count": 0,
    "lang": "pt-br",
    "updated": 0
  },
  {
    "id": "92d337eb-0676-4367-beaf-1013f082112c",
    "data": [
      {
        "text": "como se espalha?",
        "userDefined": false
      }
    ],
    "isTemplate": false,
    "count": 0,
    "lang": "pt-br",
    "updated": 0
  }
]