[
  {
    "id": "225090ee-5d8c-4e5a-8e0e-f9207e3c4c4c",
    "data": [
      {
        "text": "corona virus",
        "meta": "@covid19",
        "alias": "covid19",
        "userDefined": true
      }
    ],
    "isTemplate": false,
    "count": 0,
    "lang": "pt-br",
    "updated": 0
  },
  {
    "id": "12bb10a3-16df-435a-bb39-617977560bfb",
    "data": [
      {
        "text": "coronavírus",
        "meta": "@covid19",
        "alias": "covid19",
        "userDefined": true
      }
    ],
    "isTemplate": false,
    "count": 0,
    "lang": "pt-br",
    "updated": 0
  },
  {
    "id": "5f01efce-f92e-4335-83b8-8145519b3f38",
    "data": [
      {
        "text": "coronavirus",
        "meta": "@covid19",
        "alias": "covid19",
        "userDefined": true
      }
    ],
    "isTemplate": false,
    "count": 0,
    "lang": "pt-br",
    "updated": 0
  },
  {
    "id": "4b336157-8628-4241-821f-9686f7550dfc",
    "data": [
      {
        "text": "o que é ",
        "userDefined": false
      },
      {
        "text": "COVID-19",
        "meta": "@covid19",
        "alias": "covid19",
        "userDefined": true
      }
    ],
    "isTemplate": false,
    "count": 0,
    "lang": "pt-br",
    "updated": 0
  },
  {
    "id": "da25e3b2-f64b-426e-ad30-9f5870685907",
    "data": [
      {
        "text": "gostaria ",
        "userDefined": false
      },
      {
        "text": "de",
        "meta": "@sys.ignore",
        "userDefined": false
      },
      {
        "text": " saber sobre o ",
        "userDefined": false
      },
      {
        "text": "covid19",
        "meta": "@covid19",
        "alias": "covid19",
        "userDefined": true
      }
    ],
    "isTemplate": false,
    "count": 0,
    "lang": "pt-br",
    "updated": 0
  },
  {
    "id": "6f6b6652-b210-4825-bf9a-12421b37676d",
    "data": [
      {
        "text": "eu sou o ",
        "userDefined": false
      },
      {
        "text": "jeferson",
        "meta": "@sys.person",
        "alias": "person",
        "userDefined": false
      },
      {
        "text": " e gostaria ",
        "userDefined": false
      },
      {
        "text": "de",
        "meta": "@sys.ignore",
        "userDefined": false
      },
      {
        "text": " saber mais sobre o ",
        "userDefined": false
      },
      {
        "text": "covid-19",
        "meta": "@covid19",
        "alias": "covid19",
        "userDefined": true
      }
    ],
    "isTemplate": false,
    "count": 0,
    "lang": "pt-br",
    "updated": 0
  }
]