[
  {
    "id": "cf7da8f2-6dd8-4a16-9ecb-fabb5354cd1b",
    "data": [
      {
        "text": "marca pra ",
        "userDefined": false
      },
      {
        "text": "dia 20/11 as 13:00",
        "meta": "@sys.date-time",
        "alias": "date-time",
        "userDefined": false
      }
    ],
    "isTemplate": false,
    "count": 0,
    "lang": "pt-br",
    "updated": 0
  },
  {
    "id": "394bd115-cc62-4d66-a8cc-0f027501fcaf",
    "data": [
      {
        "text": "agenda pra ",
        "userDefined": false
      },
      {
        "text": "dia 15/10 as 17:30",
        "meta": "@sys.date-time",
        "alias": "date-time",
        "userDefined": false
      }
    ],
    "isTemplate": false,
    "count": 0,
    "lang": "pt-br",
    "updated": 0
  },
  {
    "id": "8a2bdb7d-4ce2-4686-9135-ca507c6b676c",
    "data": [
      {
        "text": "eu quero pra ",
        "userDefined": false
      },
      {
        "text": "dia 15/10 as 17:30",
        "meta": "@sys.date-time",
        "alias": "date-time",
        "userDefined": false
      }
    ],
    "isTemplate": false,
    "count": 0,
    "lang": "pt-br",
    "updated": 0
  },
  {
    "id": "2d451a9b-39a6-4134-954c-f2c07e910943",
    "data": [
      {
        "text": "eu gostaria de agendar ",
        "userDefined": false
      },
      {
        "text": "dia 15/10 as 17:30",
        "meta": "@sys.date-time",
        "alias": "date-time",
        "userDefined": false
      }
    ],
    "isTemplate": false,
    "count": 0,
    "lang": "pt-br",
    "updated": 0
  }
]