[
  {
    "id": "96ce294c-d201-4f5b-b414-8b8ac462847d",
    "data": [
      {
        "text": "Asma",
        "meta": "@doencas",
        "alias": "doencas",
        "userDefined": true
      }
    ],
    "isTemplate": false,
    "count": 2,
    "lang": "pt-br",
    "updated": 0
  },
  {
    "id": "e45de609-8580-4733-a28c-b4f8107ee8ae",
    "data": [
      {
        "text": "me ",
        "userDefined": false
      },
      {
        "text": "fale",
        "meta": "@sys.ignore",
        "userDefined": false
      },
      {
        "text": " sobre ",
        "userDefined": false
      },
      {
        "text": "Asma",
        "meta": "@doencas",
        "alias": "doencas",
        "userDefined": true
      }
    ],
    "isTemplate": false,
    "count": 1,
    "lang": "pt-br",
    "updated": 0
  },
  {
    "id": "783d0e1b-22b7-4acf-91d6-9244ddd6ebca",
    "data": [
      {
        "text": "Quero saber sobre ",
        "userDefined": false
      },
      {
        "text": "asma",
        "meta": "@doencas",
        "alias": "doencas",
        "userDefined": true
      }
    ],
    "isTemplate": false,
    "count": 0,
    "lang": "pt-br",
    "updated": 0
  }
]