[
  {
    "id": "1539d2f6-146b-4b89-8b4a-934756c2e7ff",
    "data": [
      {
        "text": "quero saber sobre o ",
        "userDefined": false
      },
      {
        "text": "financeiro",
        "meta": "@sys.ignore",
        "userDefined": false
      }
    ],
    "isTemplate": false,
    "count": 0,
    "lang": "pt-br",
    "updated": 0
  },
  {
    "id": "0c596e8c-74f6-49aa-b90b-24df4975568d",
    "data": [
      {
        "text": "meu nome é ",
        "userDefined": false
      },
      {
        "text": "Jeferson",
        "meta": "@sys.person",
        "alias": "person",
        "userDefined": true
      },
      {
        "text": ", situação ",
        "userDefined": false
      },
      {
        "text": "financeira",
        "meta": "@sys.ignore",
        "userDefined": false
      }
    ],
    "isTemplate": false,
    "count": 0,
    "lang": "pt-br",
    "updated": 0
  },
  {
    "id": "41804167-5746-47ea-950e-0685ec4f9709",
    "data": [
      {
        "text": "gostaria ",
        "userDefined": false
      },
      {
        "text": "de",
        "meta": "@sys.ignore",
        "userDefined": false
      },
      {
        "text": " saber da minha situação ",
        "userDefined": false
      },
      {
        "text": "financeira",
        "meta": "@sys.ignore",
        "userDefined": false
      }
    ],
    "isTemplate": false,
    "count": 0,
    "lang": "pt-br",
    "updated": 0
  }
]