[
  {
    "id": "c33a9ad3-5922-4cae-a1b4-6abd45f76d2b",
    "data": [
      {
        "text": "partipacao conjunta",
        "userDefined": false
      }
    ],
    "isTemplate": false,
    "count": 0,
    "lang": "pt-br",
    "updated": 0
  },
  {
    "id": "49dea19b-02e5-4180-802e-367e98c20676",
    "data": [
      {
        "text": "o que é participação conjunta",
        "userDefined": false
      }
    ],
    "isTemplate": false,
    "count": 0,
    "lang": "pt-br",
    "updated": 0
  },
  {
    "id": "55c39359-911c-4246-ba52-0f0028cf2eeb",
    "data": [
      {
        "text": "participação conjunta",
        "userDefined": false
      }
    ],
    "isTemplate": false,
    "count": 0,
    "lang": "pt-br",
    "updated": 0
  },
  {
    "id": "b0edfd4a-53e2-4206-84b5-286187bfe352",
    "data": [
      {
        "text": "quero saber mais sobre participação conjunta",
        "userDefined": false
      }
    ],
    "isTemplate": false,
    "count": 0,
    "lang": "pt-br",
    "updated": 0
  }
]