[
  {
    "id": "9a924e88-0071-495e-9faf-edac5655cd71",
    "data": [
      {
        "text": "comun",
        "meta": "@sys.ignore",
        "userDefined": false
      }
    ],
    "isTemplate": false,
    "count": 0,
    "lang": "pt-br",
    "updated": 0
  },
  {
    "id": "341df438-90fd-4169-b87a-dfe70d531d90",
    "data": [
      {
        "text": "comum",
        "meta": "@sys.ignore",
        "userDefined": false
      }
    ],
    "isTemplate": false,
    "count": 0,
    "lang": "pt-br",
    "updated": 0
  },
  {
    "id": "c861c7ee-16b4-4781-ba3d-eaeeab89135d",
    "data": [
      {
        "text": "comuns",
        "meta": "@sys.ignore",
        "userDefined": false
      }
    ],
    "isTemplate": false,
    "count": 0,
    "lang": "pt-br",
    "updated": 0
  },
  {
    "id": "d754287f-94e2-4971-88df-dc0c6e711aad",
    "data": [
      {
        "text": "doenças comuns",
        "meta": "@sys.ignore",
        "userDefined": true
      }
    ],
    "isTemplate": false,
    "count": 0,
    "lang": "pt-br",
    "updated": 0
  },
  {
    "id": "4a0b1ccb-5eac-48f8-aeb5-a17d13044f7b",
    "data": [
      {
        "text": "quero saber sobre ",
        "userDefined": false
      },
      {
        "text": "doenças comuns",
        "meta": "@sys.ignore",
        "userDefined": true
      }
    ],
    "isTemplate": false,
    "count": 0,
    "lang": "pt-br",
    "updated": 0
  },
  {
    "id": "8b827247-2586-4974-99d3-0830436bfadb",
    "data": [
      {
        "text": "me",
        "meta": "@sys.ignore",
        "userDefined": true
      },
      {
        "text": " fale sobre ",
        "userDefined": false
      },
      {
        "text": "doenças comuns",
        "meta": "@sys.ignore",
        "userDefined": true
      }
    ],
    "isTemplate": false,
    "count": 0,
    "lang": "pt-br",
    "updated": 0
  }
]