[
  {
    "value": "Tuberculose",
    "synonyms": [
      "Tuberculose",
      "tuberculose"
    ]
  },
  {
    "value": "Asma",
    "synonyms": [
      "Asma",
      "asma"
    ]
  },
  {
    "value": "Hipertensão",
    "synonyms": [
      "Hipertensão",
      "hipertensao",
      "hipertenso",
      "ipertensão",
      "ipertensao"
    ]
  },
  {
    "value": "Doença Pulmonar Obstrutiva Crônica",
    "synonyms": [
      "Doença Pulmonar Obstrutiva Crônica",
      "DPOC",
      "dpoc",
      "doenca pulmonar obstrutiva cronica"
    ]
  }
]