[
  {
    "id": "98134983-691d-4b7f-ab71-11deaf7aeab5",
    "data": [
      {
        "text": "posso te vender",
        "userDefined": false
      }
    ],
    "isTemplate": false,
    "count": 0,
    "lang": "pt-br",
    "updated": 0
  },
  {
    "id": "faa0d581-f985-4285-922c-5e864439021c",
    "data": [
      {
        "text": "eu queria te ",
        "userDefined": false
      },
      {
        "text": "vener",
        "meta": "@sys.ignore",
        "userDefined": false
      }
    ],
    "isTemplate": false,
    "count": 0,
    "lang": "pt-br",
    "updated": 0
  },
  {
    "id": "fb0dc86e-ac0a-4b3c-bb5e-ac4d6702b733",
    "data": [
      {
        "text": "gostaria de vender",
        "userDefined": false
      }
    ],
    "isTemplate": false,
    "count": 0,
    "lang": "pt-br",
    "updated": 0
  },
  {
    "id": "780145f9-47b0-4689-b306-098fa96807fa",
    "data": [
      {
        "text": "queria te vender algo",
        "userDefined": false
      }
    ],
    "isTemplate": false,
    "count": 0,
    "lang": "pt-br",
    "updated": 0
  }
]