[
  {
    "id": "fa67d1ed-d4c0-4dc0-929b-32ecb61f5cc7",
    "data": [
      {
        "text": "quero ",
        "userDefined": false
      },
      {
        "text": "pagar",
        "meta": "@Dividas",
        "alias": "Dividas",
        "userDefined": true
      },
      {
        "text": " minha divida",
        "userDefined": false
      }
    ],
    "isTemplate": false,
    "count": 1,
    "lang": "pt-br",
    "updated": 0
  },
  {
    "id": "6c116138-df3d-45fc-ac07-33437b9de3aa",
    "data": [
      {
        "text": "quero pagar o que eu ",
        "userDefined": false
      },
      {
        "text": "devo",
        "meta": "@Dividas",
        "alias": "Dividas",
        "userDefined": true
      }
    ],
    "isTemplate": false,
    "count": 0,
    "lang": "pt-br",
    "updated": 0
  },
  {
    "id": "159f5563-f4b5-4194-bda3-6bf7a850fa81",
    "data": [
      {
        "text": "pagar",
        "meta": "@Dividas",
        "alias": "Dividas",
        "userDefined": true
      }
    ],
    "isTemplate": false,
    "count": 0,
    "lang": "pt-br",
    "updated": 0
  },
  {
    "id": "e6a937ad-f12a-4a8c-af56-f2a520bed5ba",
    "data": [
      {
        "text": "pagar o que eu ",
        "userDefined": false
      },
      {
        "text": "devo",
        "meta": "@Dividas",
        "alias": "Dividas",
        "userDefined": true
      }
    ],
    "isTemplate": false,
    "count": 0,
    "lang": "pt-br",
    "updated": 0
  },
  {
    "id": "0c3f1dca-f7fb-4f06-b697-060cb6874906",
    "data": [
      {
        "text": "queria ",
        "userDefined": false
      },
      {
        "text": "pagar",
        "meta": "@Dividas",
        "alias": "Dividas",
        "userDefined": true
      },
      {
        "text": " os atrasados",
        "userDefined": false
      }
    ],
    "isTemplate": false,
    "count": 0,
    "lang": "pt-br",
    "updated": 0
  },
  {
    "id": "7a5eda6e-46b2-4cca-be26-f8ae02330e9c",
    "data": [
      {
        "text": "queria saber o q eu ",
        "userDefined": false
      },
      {
        "text": "devo",
        "meta": "@Dividas",
        "alias": "Dividas",
        "userDefined": true
      },
      {
        "text": " pra vcs",
        "userDefined": false
      }
    ],
    "isTemplate": false,
    "count": 0,
    "lang": "pt-br",
    "updated": 0
  }
]