[
  {
    "id": "be942578-25ad-4082-b4ad-633dee32927f",
    "data": [
      {
        "text": "como arrumo ",
        "userDefined": false
      },
      {
        "text": "serviço",
        "meta": "@Trabalhar",
        "alias": "Trabalhar",
        "userDefined": true
      },
      {
        "text": " com vcs?",
        "userDefined": false
      }
    ],
    "isTemplate": false,
    "count": 0,
    "lang": "pt-br",
    "updated": 0
  },
  {
    "id": "663508e5-eef9-4307-8bea-3246557a593b",
    "data": [
      {
        "text": "como arrumo ",
        "userDefined": false
      },
      {
        "text": "emprego",
        "meta": "@Trabalhar",
        "alias": "Trabalhar",
        "userDefined": true
      },
      {
        "text": " com voces?",
        "userDefined": false
      }
    ],
    "isTemplate": false,
    "count": 0,
    "lang": "pt-br",
    "updated": 0
  },
  {
    "id": "6990b477-456f-4327-b813-cfcaa6eb4de7",
    "data": [
      {
        "text": "como faço pra ",
        "userDefined": false
      },
      {
        "text": "trabalhar",
        "meta": "@Trabalhar",
        "alias": "Trabalhar",
        "userDefined": true
      },
      {
        "text": " ai?",
        "userDefined": false
      }
    ],
    "isTemplate": false,
    "count": 0,
    "lang": "pt-br",
    "updated": 0
  },
  {
    "id": "543d11bc-746b-45b7-86b4-0ad94bb3bee3",
    "data": [
      {
        "text": "como ",
        "userDefined": false
      },
      {
        "text": "trabalhar",
        "meta": "@Trabalhar",
        "alias": "Trabalhar",
        "userDefined": true
      },
      {
        "text": " com vocês?",
        "userDefined": false
      }
    ],
    "isTemplate": false,
    "count": 0,
    "lang": "pt-br",
    "updated": 0
  },
  {
    "id": "dedb0c50-da18-46b9-9ba6-c2b5b1092384",
    "data": [
      {
        "text": "como faço para ",
        "userDefined": false
      },
      {
        "text": "trabalhar",
        "meta": "@Trabalhar",
        "alias": "Trabalhar",
        "userDefined": true
      },
      {
        "text": " com vcs?",
        "userDefined": false
      }
    ],
    "isTemplate": false,
    "count": 0,
    "lang": "pt-br",
    "updated": 0
  }
]