[
  {
    "id": "5912015f-d630-419a-9afd-db5f2cc8e916",
    "data": [
      {
        "text": " cpf ",
        "userDefined": false
      },
      {
        "text": "77788899945",
        "meta": "@sys.number",
        "alias": "number",
        "userDefined": true
      }
    ],
    "isTemplate": false,
    "count": 0,
    "lang": "pt-br",
    "updated": 0
  },
  {
    "id": "734c4d82-c051-4282-a9d5-ed26562cf899",
    "data": [
      {
        "text": " CPF ",
        "userDefined": false
      },
      {
        "text": "00011122234",
        "meta": "@sys.number",
        "alias": "number",
        "userDefined": true
      }
    ],
    "isTemplate": false,
    "count": 0,
    "lang": "pt-br",
    "updated": 0
  },
  {
    "id": "ccd3b6f8-3302-45b2-999a-0b3c4dc2ffdc",
    "data": [
      {
        "text": " ",
        "userDefined": false
      },
      {
        "text": "22233344456",
        "meta": "@sys.number",
        "alias": "number",
        "userDefined": true
      }
    ],
    "isTemplate": false,
    "count": 0,
    "lang": "pt-br",
    "updated": 0
  },
  {
    "id": "cf1e2d70-427b-4498-8005-f8035726ad0b",
    "data": [
      {
        "text": " ",
        "userDefined": false
      },
      {
        "text": "33344455567",
        "meta": "@sys.number",
        "alias": "number",
        "userDefined": true
      }
    ],
    "isTemplate": false,
    "count": 0,
    "lang": "pt-br",
    "updated": 0
  }
]