[
  {
    "id": "ee512d2f-80ec-462e-85ba-5ab27a1d38d3",
    "data": [
      {
        "text": "no que tu pode me ajudar?",
        "userDefined": false
      }
    ],
    "isTemplate": false,
    "count": 0,
    "lang": "pt-br",
    "updated": 0
  },
  {
    "id": "851ca3ec-f1a8-4bcf-abb1-b3c41c7e25d9",
    "data": [
      {
        "text": "como vc pode me ajudar?",
        "userDefined": false
      }
    ],
    "isTemplate": false,
    "count": 0,
    "lang": "pt-br",
    "updated": 0
  },
  {
    "id": "9a9ceb33-4390-4098-ad80-b5b7fd4c5cf0",
    "data": [
      {
        "text": "como você pode me ajudar?",
        "userDefined": false
      }
    ],
    "isTemplate": false,
    "count": 0,
    "lang": "pt-br",
    "updated": 0
  },
  {
    "id": "be347ddd-e123-47cd-86f1-967605b445e8",
    "data": [
      {
        "text": "no que você pode me ajudar?",
        "userDefined": false
      }
    ],
    "isTemplate": false,
    "count": 0,
    "lang": "pt-br",
    "updated": 0
  },
  {
    "id": "0ddaf34b-69ab-460d-91d4-75576d5c8c75",
    "data": [
      {
        "text": "em que você pode me ajudar?",
        "userDefined": false
      }
    ],
    "isTemplate": false,
    "count": 0,
    "lang": "pt-br",
    "updated": 0
  }
]