[
  {
    "id": "c02aa9a3-0f7d-48ad-92e0-b3f480820145",
    "data": [
      {
        "text": "tira ",
        "userDefined": false
      },
      {
        "text": "ir ao cinema",
        "meta": "@AtividadeFazer",
        "alias": "AtividadeFazer",
        "userDefined": true
      }
    ],
    "isTemplate": false,
    "count": 0,
    "lang": "pt-br",
    "updated": 0
  },
  {
    "id": "fd032e9c-287b-4b48-9cff-8c384e0b9057",
    "data": [
      {
        "text": "exclui ",
        "userDefined": false
      },
      {
        "text": "correr no parque",
        "meta": "@AtividadeFazer",
        "alias": "AtividadeFazer",
        "userDefined": true
      }
    ],
    "isTemplate": false,
    "count": 0,
    "lang": "pt-br",
    "updated": 0
  },
  {
    "id": "bdf7bfb4-d579-4886-a957-ee6056ad723c",
    "data": [
      {
        "text": "remover ",
        "userDefined": false
      },
      {
        "text": "reunião",
        "meta": "@AtividadeFazer",
        "alias": "AtividadeFazer",
        "userDefined": true
      }
    ],
    "isTemplate": false,
    "count": 0,
    "lang": "pt-br",
    "updated": 0
  },
  {
    "id": "53d7aeed-e7a0-4756-9ab7-9a91c1871492",
    "data": [
      {
        "text": "deletar",
        "meta": "@sys.ignore",
        "userDefined": true
      },
      {
        "text": " ",
        "userDefined": false
      },
      {
        "text": "churrasco em família",
        "meta": "@AtividadeFazer",
        "alias": "AtividadeFazer",
        "userDefined": true
      }
    ],
    "isTemplate": false,
    "count": 0,
    "lang": "pt-br",
    "updated": 0
  }
]